Date,AAPL,AI,AMZN,GOOG,GOOGL,META,MSFT,NVDA,PINS,TSLA,TSM
2023-01-03,1.0,1.0,1.0,1.0,1.0,1.0,1.0,1.0,1.0,1.0,1.0
2023-01-04,1.0103142313798272,1.024390285926558,0.99207643547432,0.9889632341421286,0.9883303311997796,1.0210838939221787,0.9562568008705115,1.0303178503653976,1.0388816653878792,1.0512488528559378,1.0309334182532468
2023-01-05,0.9996001994732564,0.9765131632904125,0.9685388375921303,0.9673355584742503,0.9672351244574907,1.0176367213028124,0.9279155015424064,0.9965072135154608,1.0305810739014705,1.0207215346474383,1.0229637255932542
2023-01-06,1.0363795908968214,0.989159901638011,1.0030296217333377,0.9828317353564526,0.9800268586867871,1.0423280944293247,0.9388512854023424,1.0380021405209001,1.0685888919479054,1.045883433436496,1.0545724838868586
2023-01-09,1.0406172080759217,1.014453464482652,1.0179445458052154,0.9899666228862452,0.9876570234558503,1.037918898813028,0.9479922922671415,1.0917220200841218,1.0869375196234432,1.1079555812550643,1.0848304590416005
2023-01-10,1.0452546257817659,1.0280036520472209,1.0471918325117644,0.9948718049038722,0.9921453707802588,1.0661376284325776,0.9552133080994566,1.1113517892469638,1.1332460124830097,1.099444959775587,1.097798162679347
2023-01-11,1.0673223460372991,1.0749774116158397,1.1080167405736483,1.0285396351737384,1.026929912730242,1.0653359120206147,0.984097180359484,1.117778548356419,1.1799913040232142,1.1398705176688946,1.104687290663138
2023-01-12,1.0666826895949075,1.0885275991804086,1.1101141573275037,1.0246377568456595,1.0225537976311723,1.0959596685513038,0.9955338203688082,1.1534055301120258,1.1550896128907107,1.14301571972893,1.1751992629281294
2023-01-13,1.0774765718050348,1.1427280909903534,1.1433232707468726,1.0345597124747323,1.0336624765209073,1.098124082679054,0.9985390846446256,1.1805100009226956,1.1660114130945611,1.13228495146724,1.1724976966504042
2023-01-17,1.0869113518278186,1.2041554011910678,1.1192030225275165,1.02742482494494,1.0243491708041776,1.0851371086135524,1.0032139755679772,1.236604972630579,1.1629533223697586,1.2163737960148304,1.2020802287066408
2023-01-18,1.0810746545437355,1.1906052997759424,1.1123281219287842,1.0231884269991098,1.022441651013938,1.0663781188912167,0.9842641111793653,1.213901593998547,1.1393621939326146,1.1913043533495196,1.208564132054588
2023-01-19,1.081554366375031,1.1833785675346167,1.0915870500850817,1.046934301639903,1.0440978476667127,1.0914702278989605,0.9680690829918767,1.1711491359470605,1.1695063858267245,1.1764107304718374,1.1941105360466482
2023-01-20,1.1023426517437898,1.2231255948619093,1.133185741619912,1.1068004699775236,1.0998652785255407,1.1172839306073712,1.0026713389463104,1.2461754261138887,1.1620795583550372,1.234227567550667,1.2296366375836574
2023-01-23,1.1282481886516798,1.3134598340279275,1.136331822300715,1.1283166391061514,1.1197261876134146,1.1485490358026806,1.0125219132526575,1.340761533780158,1.1660114130945611,1.3297872528130834,1.2921789171886562
2023-01-24,1.1396018159996462,1.311653194042318,1.1223491032083195,1.1060200943119076,1.0962746177876348,1.1475068289320787,1.0102679332009223,1.3457911249992922,1.1284403937287641,1.3310823443174737,1.277319993486725
2023-01-25,1.1342448305468587,1.32339656932239,1.1323700844878548,1.078372426397604,1.0684470184708903,1.1343594871192344,1.0042991851215661,1.349842858584718,1.1411097219620576,1.336077656933154,1.248277795297663
2023-01-26,1.1510354766541564,1.3622403197315998,1.1561407780648951,1.1054627317247927,1.0942548657720563,1.1808562255438422,1.035144828886356,1.3833042700827063,1.152031522165908,1.4826087561030745,1.262326063611611
2023-01-27,1.1667865437903273,1.6052394713318774,1.1913306714907341,1.1227425029075904,1.1150134614464329,1.216450281319402,1.03581267954537,1.4226336268305269,1.168195739804642,1.645698394150054,1.2602999404323907
2023-01-30,1.143359721347451,1.4724480294865425,1.171638352473939,1.091973247276255,1.0877468520401739,1.1789321795499808,1.0130645498743243,1.3385959635225393,1.132372248468288,1.5417206846862945,1.258003495732362
2023-01-31,1.1536738917262825,1.7931346819052398,1.2017012074125852,1.113377994920201,1.1090663520169313,1.1942440578153253,1.0343517641899955,1.364792261880374,1.148536549433745,1.6024052142995322,1.2526003631769116
2023-02-01,1.1627887825268748,1.9584463326870976,1.2252388941947348,1.1307692726422491,1.1269075090892264,1.2275132093910424,1.0549711915363973,1.4630109261167201,1.166448295101922,1.6781684201923328,1.2797514443599367
2023-02-02,1.2058847660688061,1.9801265294110755,1.3156607325054435,1.2129320708286815,1.2089317161505768,1.5133077401413744,1.1044327743602922,1.5165211505516354,1.2712975603935421,1.7416281862162317,1.3055518454622468
2023-02-03,1.2353082304068614,2.337850033805042,1.2047308291459229,1.173021235233889,1.175718082922921,1.4953503445062517,1.0783454550839224,1.4739784142490873,1.200524258408833,1.7574467937945426,1.2786708796837352
2023-02-06,1.2131605988467762,2.4887082201042476,1.1906315622061023,1.1535117585389258,1.154622961788737,1.4915824975545753,1.0717505094383424,1.4732100118817897,1.21843600407701,1.8016650995000805,1.2404431088108532
2023-02-07,1.2365075099851006,2.215898948770027,1.189815905074045,1.2044593599915898,1.2078096507215008,1.5361551899853216,1.1167876931033243,1.5489347527525146,1.1555264948980715,1.8206290502928142,1.2771849873135421
2023-02-08,1.2146797676472068,2.3658537720017065,1.1658122047021144,1.1148272397121821,1.1150134614464329,1.4704986036323968,1.1133233531503972,1.5511701414322703,1.130624720438845,1.8620721195876908,1.2735377594746509
2023-02-09,1.2062844445935579,2.031617018167884,1.1447214893161362,1.0642140728227008,1.0660906553873994,1.426326769407632,1.1003422368411415,1.560391236322368,1.0803844561664775,1.9178539338633822,1.3060921793294213
2023-02-10,1.207403812867245,2.076784137750893,1.1373805751276225,1.0575251263953414,1.0611534647697394,1.3961038710829246,1.0981718177339634,1.4855047162410775,1.085190074920723,1.8213691227459496,1.2882615739452514
2023-02-13,1.2301111895651697,1.9096657608339818,1.1598695090828643,1.059085877726573,1.0616023080629908,1.4384319043498743,1.1324818651414246,1.5220398704495193,1.079073893471118,1.800555061397571,1.2982574928426116
2023-02-14,1.2249140267214862,2.1056910667161968,1.1617338301418692,1.0585284300848896,1.0623877624241544,1.4388327625558557,1.1360297660389087,1.6046804991084493,1.0782001294563965,1.9357077053992189,1.323247341615086
2023-02-15,1.2419445287444317,2.303523098733465,1.1787462598675622,1.0824972327496152,1.0877468520401739,1.4202341405808627,1.1241339229729863,1.5902200912502793,1.1087811200311442,1.981868718938536,1.2530055878127557
2023-02-16,1.2289918212914825,2.1887985736408893,1.1436728253891886,1.067781516587597,1.0717010681408838,1.382395425641506,1.0942064942521599,1.5369892737451754,1.085190074920723,1.8690101400371504,1.2267999620746017
2023-02-17,1.2197169858797945,2.153568275501786,1.1326030912827456,1.0545150452175602,1.0586848694609095,1.3859227821345437,1.077134967803242,1.494097178849415,1.067278329252546,1.9270120305178609,1.217074158581755
2023-02-21,1.1871751506343342,1.9539295173494642,1.1020741338543583,1.026198508176891,1.0299595835576623,1.3795094178130891,1.0546372662068904,1.442892161516392,1.0681520932672675,1.8258094163103753,1.183844398686627
2023-02-22,1.190613288761939,2.019873642887812,1.1161734007941788,1.0234114400776106,1.028388674835335,1.3718133561623937,1.0497954444636575,1.4498079160633335,1.0982962018346545,1.8580943889507733,1.172902921286248
2023-02-23,1.1945310167188479,2.0659441255383477,1.1165229554364948,1.0152731638037016,1.019860823479769,1.3791886823184039,1.0634026309596485,1.65309118066083,1.1140236207927505,1.8692877907171652,1.2168040431772416
2023-02-24,1.1730231636031458,2.024390285926558,1.0894896333312265,0.996098121671921,1.0001121466172342,1.3659612177942633,1.0402370787042832,1.6266852937953207,1.0934906664071318,1.821276666622203,1.1901931928032434
2023-02-27,1.1826976775395859,2.0045168153376336,1.092519255064564,1.0044593259697625,1.0084156191302267,1.3591469952668274,1.0441606217138082,1.6417045155131138,1.0917431383776888,1.9207216263977902,1.1792517154028646
2023-02-28,1.1786200049715811,2.0397471134767367,1.0979958481940728,1.006689031481928,1.0105475177630396,1.4024371126930828,1.041071860183178,1.6217953394204605,1.096985639139295,1.9029603109857,1.1761448214311478
2023-03-01,1.1618293588642834,1.8726287365598253,1.0739920589221823,1.0090301584787753,1.0139137996583723,1.390251732714794,1.0279238767437855,1.5856095438052307,1.0908693743629672,1.8757632482391167,1.1943806514511617
2023-03-02,1.1666267211812233,1.9250225883841603,1.073525956432441,1.0290969977608535,1.0323159466411531,1.3991502466586843,1.0481258815058676,1.6286412755452648,1.107033675328424,1.7659574152740198,1.2026205625738153
2023-03-03,1.2075637574783409,2.5727190900964665,1.1058028648723277,1.0481605333533834,1.050830325849273,1.4850890105218246,1.0655730500668266,1.6688788047459207,1.1533420848612677,1.8296946908235463,1.2128866999338366
2023-03-06,1.229951244954074,2.4715448387179033,1.0924027072171387,1.0655518961300001,1.0674370996590485,1.4822831254047037,1.072167932022662,1.6454070237465912,1.1655745310872003,1.792876968494976,1.210050024424781
2023-03-07,1.2121212638796328,2.361336956664073,1.090072283668393,1.0498327912238654,1.053186688932764,1.479156627117648,1.0608147255784064,1.6268250638808583,1.1638270030577573,1.7364478201986706,1.2001891117006036
2023-03-08,1.2222754896473684,2.242095788532751,1.0943835761235687,1.0551839993984942,1.0575628040318334,1.482844351358028,1.0589364513284567,1.689207157853923,1.1245085389892402,1.6836262957355212,1.2269350713059322
2023-03-09,1.204045708046184,2.0505872979881694,1.0749242639016645,1.0329989611435009,1.035906607379059,1.4565496677323395,1.0531764145412603,1.6371639197314656,1.085190074920723,1.599629977888871,1.2005943363364477
2023-03-10,1.1873350952454298,1.921409308412941,1.0572128137912997,1.0146042946773361,1.0169433848776879,1.4390732530144947,1.037607456540507,1.6042613220931004,1.0559196470413348,1.604440378257058,1.1785762723043596
2023-03-13,1.2030862843835926,1.9656730649284235,1.07702168065552,1.021850688746379,1.0223294187885992,1.4502164261221813,1.0598547300621644,1.6043311405152374,1.0349498106483552,1.614061037839045,1.1851951818254896
2023-03-14,1.2200367530999943,1.9060524808627626,1.105569769177477,1.0507246734287317,1.054420986587179,1.555395282949685,1.0885299547197762,1.6809640538387973,1.0917431383776888,1.6952821192750338,1.2061326811813762
2023-03-15,1.2232350353119514,1.883468921071258,1.120950795739096,1.0763657339639392,1.0784335463234445,1.5852974457797075,1.1079388947854978,1.6924904890720511,1.0934906664071318,1.669287691909094,1.171146810453394
2023-03-16,1.24610223461898,1.9936766308262008,1.1656956568546892,1.1267558877749198,1.1256732114348116,1.6428571122759554,1.1528508644131323,1.7842124425355412,1.1590214676302346,1.7033303189813904,1.2062677904127066
2023-03-17,1.239305991670314,1.953026326580825,1.152994608484132,1.1422519796025536,1.1402603188371132,1.5681417665565478,1.1663327094922877,1.7970660939957157,1.152031522165908,1.6663275432509395,1.208564132054588
2023-03-20,1.2584951969340898,1.9494128743107182,1.1385457869019955,1.13634340884081,1.1357719715127046,1.5857784266969852,1.1362801941136027,1.8092909799328665,1.168632621812003,1.6951896631512873,1.216263709310067
2023-03-21,1.2735268183253092,2.103884512880031,1.172337461758571,1.1799331096851806,1.1772889916452483,1.6206510110966286,1.1427497983423471,1.8301781469004919,1.202271786438276,1.8277521241441546,1.2494934692051949
2023-03-22,1.2619333350616948,2.055103941026915,1.1500815345982198,1.1618729628367672,1.1598967634743091,1.6018117763382465,1.136530622188297,1.848969695273899,1.2000873764014721,1.768270088757173,1.2511144708067186
2023-03-23,1.2707283366400957,2.24841915770655,1.150198082445645,1.184615448733444,1.1849191564143113,1.6376463225724454,1.1589448265298357,1.8994761286617614,1.2062036411777999,1.7781683990191746,1.2777252181225691
2023-03-24,1.2812824849365665,2.282746265077014,1.143439729694338,1.1823857432212785,1.1831238688494108,1.6515151357612063,1.171091097670452,1.870695083030959,1.2000873764014721,1.7614246655858474,1.2534108124485996
2023-03-27,1.265531295798404,2.298103092627193,1.1423910657673901,1.148940926029913,1.1496857711710768,1.6261022912587773,1.1536021486372146,1.8533706542112733,1.2262997135560578,1.7743755806297503,1.224638729664051
2023-03-28,1.2604940775658162,2.203252038123541,1.1330691937724866,1.1299888969766334,1.133639987271787,1.6087862442882752,1.1488021073662602,1.8449179616884732,1.1725644765515268,1.750138807695709,1.2266648528432713
2023-03-29,1.285440190811115,2.346883492181421,1.1681426282508605,1.1360089742776274,1.1376794913029442,1.6462242233464002,1.170840669595758,1.8850157208035914,1.1577108216081524,1.7935245848243648,1.2530055878127557
2023-03-30,1.2981530423484164,2.4959349523455736,1.188534145452247,1.1295429558742003,1.1320690785494596,1.6661856653619305,1.185616435520662,1.9128885939815587,1.150720876143826,1.8064754998682677,1.249088244569351
2023-03-31,1.3184616158858793,3.0325203812354107,1.20356561737155,1.1594203293006695,1.1639362675054663,1.699054081056416,1.2033558126285935,1.9404122418075775,1.1913499862344255,1.9191490253677725,1.256517603362169
2023-04-03,1.3286159636556067,3.059620584065661,1.193311629297124,1.1695652980082432,1.171005356755939,1.7081129627476488,1.1988897603768904,1.9535453001975636,1.2123198226274048,1.8017576967782147,1.2540861524889573
2023-04-04,1.3242984351719542,2.25383933611171,1.2112560862023796,1.1719064250050906,1.1750448607870962,1.7213404272717894,1.1986809853949862,1.9177785483564191,1.2223678588165339,1.7814986544810907,1.2450357920946156
2023-04-05,1.309346725085287,1.9051491177952358,1.1780470616829706,1.1700111540561078,1.1722396544103542,1.695366356816036,1.1868269228013424,1.8778205593268384,1.1939711949518672,1.7161887779015466,1.2184249417206177
2023-04-06,1.3165427685606967,2.0632340363357677,1.1892332547368787,1.21404688105748,1.21656188091964,1.7324034776681796,1.2171299936342101,1.8887182290370688,1.234163423035106,1.7119333965846144,1.2189652755877922
2023-04-10,1.2955145052742987,2.084010869992219,1.1905150143586771,1.1923076988503514,1.1943446943563798,1.7215809177304282,1.2079055532043426,1.9265805994724312,1.2206204141138137,1.7068454866907998,1.202485453342485
2023-04-11,1.2856800467267628,2.055103941026915,1.1642973493854656,1.1830546974022123,1.182113950037569,1.7143659593217606,1.180524185702735,1.8979393239271662,1.2315422143176642,1.7279370575648059,1.2054572380828712
2023-04-12,1.2800832053583275,1.9909667139225082,1.1399440943712191,1.173021235233889,1.1741471742005936,1.7155684116149552,1.1832790219038585,1.8508558586017063,1.2118829406200442,1.6701202204859762,1.1734432551534226
2023-04-13,1.3237386900341148,2.0135502737140127,1.1931950814496988,1.2061316178620718,1.20545328763801,1.7664743456558598,1.2097837637645479,1.848620336680687,1.2433376952095134,1.719703945610956,1.1758747060266344
2023-04-14,1.320940330350893,1.9774164402084955,1.194476841071497,1.2202898863824063,1.2216113037626388,1.7756133500583886,1.19434014718063,1.8692280967185009,1.2485801959711196,1.7113783775333595,1.1779008292058546
2023-04-17,1.321100152959997,2.0578140302294954,1.1971568192625588,1.1863991280886077,1.1890708926708076,1.7545294561362101,1.2054427981707032,1.8862732518496386,1.2503277240005626,1.7302497310479592,1.1885721912017198
2023-04-18,1.3310146448140765,2.0560073040944418,1.1920298696753258,1.1719064250050906,1.1725762654782663,1.7467532717742185,1.2036480211755662,1.932727951652075,1.2311053323103034,1.7049953761351548,1.1905984174390876
2023-04-19,1.3402894802257648,2.051490488756808,1.2153344607626249,1.1707915297217235,1.1689856047403604,1.7291967343450774,1.2039820101948173,1.9511701414322704,1.2328527770130235,1.6705827834134843,1.178306156899846
2023-04-20,1.3324537803079635,1.870822010424772,1.2096247719382653,1.1806020638661145,1.1814407279017445,1.7081129627476488,1.1942148057637945,1.8933985949042544,1.2027086684456367,1.5077706548921324,1.2061326811813762
2023-04-21,1.3194211615504623,1.8121047894266376,1.2463295206807532,1.180713570405365,1.1827872577814984,1.7066698976710653,1.1927540177879088,1.8944464042013636,1.196592403669309,1.52710457133424,1.1531811988960412
2023-04-24,1.3218997540134843,1.6124662035732034,1.237590299023016,1.190412512955937,1.1890708926708076,1.7058681812591021,1.1760997865438219,1.8890674543890171,1.2070773218657986,1.5037003269770808,1.1433202861718639
2023-04-25,1.3094267583918306,1.5980127390905514,1.1951759503561288,1.1662207822672792,1.1652827117771156,1.6638608834868376,1.149595172062621,1.8331121195254079,1.2118829406200442,1.4863089772143647,1.111576418646929
2023-04-26,1.309346725085287,1.5980127390905514,1.2232580252883047,1.164437017857547,1.1637118030547882,1.6786916585101543,1.2328658187651005,1.8830597390536472,1.162516440362398,1.422294192139211,1.1110360847797545
2023-04-27,1.3465259780365915,1.588979280714172,1.2796550930475876,1.2081383102957364,1.2072485752029105,1.9124579256376835,1.272351549555557,1.9019211058491916,1.1913499862344255,1.481868683649939,1.130217473302787
2023-04-28,1.356680203804327,1.6097561143706232,1.2287345295178538,1.2064660524252544,1.2044433688261682,1.9265673516098334,1.282494396098621,1.9384562600576336,1.0048056187542456,1.5199814974828996,1.1387276028881015
2023-05-01,1.3559606360573837,1.6829267998514095,1.1891167957894133,1.2007804096874433,1.202872460103841,1.949494924165077,1.275398594303653,2.019559950740705,0.9637396266562853,1.4970398160532485,1.1344050350088526
2023-05-02,1.3475653130037348,1.5573622625462882,1.2075273551844101,1.1814939460709808,1.1817773389696569,1.9179093281245825,1.2747725241169179,1.9706601405095745,0.9335955180888983,1.4829787217524486,1.1206267790412707
2023-05-03,1.338850222729886,1.57181572702894,1.2077604508792605,1.1830546974022123,1.1827872577814984,1.9001924229480986,1.27055677256042,1.9421586350498472,0.9134993623839175,1.48575395816311,1.1171146604337099
2023-05-04,1.3255776260547454,1.6187895727470025,1.211838736539546,1.1729097286946386,1.174708249719184,1.872053938364595,1.2747725241169179,1.9253930200897846,0.9078200629416733,1.4912118337062985,1.1277860224295753
2023-05-05,1.3877829035559006,1.6892503413240962,1.2311815898139848,1.1841137118341014,1.1845825453463992,1.8661215549604184,1.2966440918367899,2.0034929197258027,0.9178680991308023,1.573172987595423,1.1477779632824432
2023-05-08,1.3872231584180612,1.7371273778107978,1.2331624587204149,1.2066889804491867,1.209268327218489,1.8700497696594376,1.2882961496683516,2.0363953841229043,0.9432066722706666,1.5891766485756147,1.1554775405379223
2023-05-09,1.3733909386070728,1.7958445988089322,1.2423677828678932,1.2033445497627913,1.2045556010515073,1.8708513637466506,1.2814091228552877,1.9958784479924372,0.9379641715090603,1.5647548222396925,1.1489936371899754
2023-05-10,1.3877028702493568,1.8229449739380703,1.2839664744027235,1.2517280111401072,1.253927250403792,1.8685265818715577,1.3035728991221325,2.0178135574984353,0.9405854635532248,1.559111893294623,1.1468324047794247
2023-05-11,1.3892220390497876,1.792231318837713,1.3071545176425972,1.3032330602344546,1.3080116259230588,1.8902517021336067,1.2943901117850547,1.9963674434299232,0.938401053516421,1.5918594288625292,1.1269755731578872
2023-05-12,1.3797873810289953,1.75429093149603,1.2847821315347805,1.3146042606555088,1.3185592292942032,1.874378720239688,1.289631850986379,1.9797415985553983,0.9349060807842577,1.553931527277062,1.1269755731578872
2023-05-15,1.3757896197655426,2.1653116507818577,1.2957352288938382,1.30390192936082,1.307338403787234,1.9148629525488228,1.29167705605621,2.0225637417877578,0.9633027446489245,1.5388529921518865,1.157098542139446
2023-05-16,1.3757896197655426,2.1282746265077015,1.3213703324298431,1.3387959913441667,1.3410008803081412,1.9145423393788876,1.3011937050330502,2.0407265246381416,0.9432066722706666,1.5404255931819044,1.1600702238216847
2023-05-17,1.3807468046915865,2.4345078144437466,1.345840135291515,1.3542921682263689,1.3559245131702504,1.943963521291632,1.310626920444822,2.1081383430716043,0.9589340912287625,1.608325652770229,1.2276104113462898
2023-05-18,1.3996162427351626,2.4227642668647875,1.376718736262178,1.3770345690684773,1.3782540175669542,1.9789162284025714,1.3294932238888766,2.212923536502943,0.9812144903171015,1.6363552440936946,1.2515196954425627
2023-05-19,1.4004957550932018,2.283649628144541,1.3545793569492521,1.3740245729452645,1.3774685632057906,1.9692159980467183,1.3287419396647946,2.1840028540278666,0.991699491840314,1.666419999374686,1.250574136939544
2023-05-22,1.3928199997864965,2.517615321368439,1.3401305353671156,1.4032330772453683,1.4031642638897224,1.9907007501748786,1.3405960022584382,2.177855501848223,1.0161643009654568,1.747178517883167,1.2389572164406601
2023-05-23,1.3717118251955462,2.4534779219651446,1.339897439672265,1.3744705140476976,1.375224346739534,1.9780343892793122,1.3158861647723745,2.143765324827211,1.0380079013731578,1.7185014513847,1.2216669449236648
2023-05-24,1.3739505617429204,2.5158085952333855,1.3604055047210768,1.3560758475815329,1.3565978209141798,1.9978355858722499,1.3100008502580867,2.1332868321323297,1.0620358284909397,1.691951863813118,1.217479383217599
2023-05-25,1.3831454858500565,2.5663957209226673,1.3400139875196901,1.3862876555711847,1.3855475712681051,2.0257335799971146,1.3603807118156894,2.653161065703599,1.0371341373584362,1.7064755210414257,1.3636363448985187
2023-05-26,1.4026544583340324,2.975609714073442,1.3995572248597359,1.3983278101731729,1.3982270732720625,2.100689538499911,1.3894732953678768,2.720642702559198,1.0585408557587765,1.7869565300242793,1.3941645385159214
2023-05-30,1.4176061684206995,3.970189880266057,1.4176183185123765,1.3895206647728984,1.387679469900918,2.1045373858381335,1.382460927137977,2.802025933413345,1.0664045652378245,1.8608696253614345,1.3775497100974312
2023-05-31,1.417206367893956,3.614272757409369,1.4050338179892448,1.3753623962525638,1.3787028608602057,2.122174168303321,1.3706904254888905,2.642961979938529,1.0458716108522057,1.886493945923613,1.3317573681422532
2023-06-01,1.4399136225898888,3.1364048941154414,1.4305522847778644,1.3865106686496855,1.3882405454195084,2.1854256054203565,1.3881792471426393,2.778204793820803,1.031454837916192,1.9197040444190272,1.3351343775184834
2023-06-02,1.446789776843107,2.9141824038727275,1.4477977212984479,1.3960981897155758,1.398900295407887,2.1854256054203565,1.3999498761712146,2.747258177932382,1.0253385731398643,1.979370992053502,1.3364852637154936
2023-06-05,1.435835950021884,3.1906052997759424,1.4600326671792638,1.4117057030278917,1.4139362461034402,2.1756454970027073,1.4022038562229497,2.7363606414634156,1.0528615563165322,2.013043512322037,1.3244631185807656
2023-06-06,1.4328776457275665,3.449864469695038,1.4752971458934574,1.425975563142045,1.428523267897637,2.1734808382254567,1.392770640811178,2.700244531029059,1.0760157194195927,2.0472710516418267,1.348372299618891
2023-06-07,1.4217638742952479,3.2899728250194524,1.4126078278726089,1.3705686357196187,1.3745511246037094,2.1131955316481346,1.349778789595516,2.6178833092999403,1.0637833565203827,2.077428404200952,1.3547210937355074
2023-06-08,1.4437515612442373,3.271906252864469,1.4477977212984479,1.3675585545418374,1.370511620572552,2.1210517163966727,1.3576258756145663,2.6901850821082633,1.0458716108522057,2.172617982659607,1.3499933012204146
2023-06-09,1.4468698101496507,3.3414636583740362,1.4382428425086538,1.3697882600540028,1.3715215393843938,2.124018091585886,1.3640120462782421,2.7083479981999106,1.0428135201274031,2.260869540668802,1.3886262967291405
2023-06-12,1.4694970315390399,3.396567254803176,1.4748310434037164,1.3862876555711847,1.3873428588330057,2.172919612272133,1.385132329774032,2.7580858959792116,1.0528615563165322,2.311100882123171,1.4461704622982379
2023-06-13,1.465659214886683,3.894309105582691,1.4758797962306238,1.387179537776051,1.3894748430739234,2.175084271049383,1.3953168294098859,2.865665425191193,1.059414619773498,2.393246948259789,1.4426584467488246
2023-06-14,1.4707763444238227,3.869918819656133,1.473083181292177,1.3866220901343675,1.387679469900918,2.1913581111492832,1.4080473902649588,3.0036327564319723,1.0668414472451853,2.3754857740020863,1.4508983578714783
2023-06-15,1.4872471013089288,4.188798573640889,1.4811232936652823,1.402341195040502,1.403613021574869,2.259339357052551,1.4529593598925936,2.9796018950904926,1.0904324923556064,2.367252520893849,1.4207753888899195
2023-06-16,1.4785320110350801,4.018970452119173,1.4622465428805844,1.3830546463694713,1.3861085611785908,2.2526856245972073,1.4288754652137763,2.9823264124489977,1.1079074393431454,2.410175876249384,1.4125354777672658
2023-06-20,1.4792515787820235,3.901535665525129,1.465625719256238,1.3807135193726239,1.3812836027862698,2.2793810441041273,1.4110108740684977,3.060286408758215,1.101354292559457,2.53885306272908,1.4045657851072733
2023-06-21,1.4708563777303665,3.5266487797448183,1.454556074049755,1.3518395346902712,1.3526705491083617,2.2578164139141714,1.39226978466179,3.0069856395897103,1.0878112836381648,2.4001849687092482,1.3729569237555213
2023-06-22,1.495162712531282,3.382113790320524,1.5165461938860119,1.3809365324511247,1.3818446783048601,2.2837903620451745,1.41793968135384,3.0055887381819164,1.1419834026500564,2.447825986000449,1.3930838707815725
2023-06-23,1.4926040867617163,3.016260190617705,1.5069914039961776,1.3714604328699163,1.372755751430704,2.3146546090345024,1.398363746778493,2.948585460779934,1.1463521393969411,2.373728119570188,1.3766041515944125
2023-06-26,1.4813304927202937,2.8870822010424773,1.4836868129088787,1.3276477189470448,1.3278724494028278,2.232403447086992,1.3715669237503196,2.838421317536249,1.1188292395469959,2.229879800687182,1.3522896428622957
2023-06-27,1.503637946889483,3.014453464482652,1.5052434529846783,1.326755921796747,1.3277603027855935,2.3011864094022227,1.3964855362182877,2.925323135047016,1.1533420848612677,2.3146161909869676,1.3789004932362938
2023-06-28,1.5131526382168188,3.203252038123541,1.5036121387205643,1.3498328422566066,1.3485188128518653,2.287077228079573,1.4018282141109086,2.8723019060495862,1.2293578042808604,2.3703977229538844,1.3632311202626746
2023-06-29,1.5158710865954887,3.242999323899165,1.4903286178127606,1.337904194193869,1.3364003007583936,2.2569344524661616,1.3984889608158402,2.851694012770509,1.2075142038731594,2.382053687647784,1.3594488862506002
2023-06-30,1.550891514303971,3.290876360385867,1.5189932541821431,1.3486065254885578,1.3431327789409542,2.3006254280983987,1.4214041486862556,2.955082038311527,1.1944080769592278,2.421554049108882,1.3632311202626746
2023-07-03,1.538818319209061,3.385727242590631,1.517361939918029,1.344035692979545,1.3453769954072108,2.2929292441229534,1.4107604459938037,2.9628361468891664,1.1900393402123433,2.5885292439778067,1.3933540892442333
2023-07-05,1.5297833397130207,3.624209578853275,1.5192263498769936,1.3671126134394043,1.3661355054734825,2.3598685278051192,1.4114282966528173,2.956130114091163,1.2114460586126834,2.6131361237156097,1.3641766787656933
2023-07-06,1.5336211563653777,3.530262232014925,1.495688663094844,1.3481605843861246,1.3477333584907016,2.340788802588098,1.424451066054863,2.941180710795507,1.1882918955096229,2.558186979171188,1.34283405783211
2023-07-07,1.5245861768693374,3.545618887266216,1.512234901430836,1.3393534389858501,1.3406642692402289,2.3290845258518376,1.4075465341155708,2.969123269154348,1.1992136957134734,2.538667868172812,1.3539106444638194
2023-07-10,1.5080355086796793,3.6856368890539897,1.4813563004601729,1.302898625671272,1.3066650960433046,2.357704113677369,1.3850487688294748,2.9465596606078535,1.2018349044309151,2.494079455663513,1.347696856520386
2023-07-11,1.5037978915005787,3.7461610084860646,1.5005826058871865,1.3122631336586614,1.3144074930377068,2.391294000747771,1.3877201714655296,2.9622773330295433,1.2503277240005626,2.495744795126052,1.3678239066045845
2023-07-12,1.5173103440913673,3.633243209528542,1.524120292669336,1.333556374763357,1.334492780968154,2.47987815965594,1.4074631005505023,3.0668530711944713,1.2568807874575283,2.516096152392535,1.4034851173729241
2023-07-13,1.5234668085956504,3.5817527207717337,1.564903327072109,1.3916388637458135,1.397441618910899,2.512506084891786,1.4302529470040821,3.211805975404329,1.2507645226812005,2.5707677874113295,1.4260435152721869
2023-07-14,1.5246662101758812,3.3631436827991266,1.5693310784747505,1.4013378062963855,1.4073159145381138,2.476110312704263,1.4410217363543927,3.1763187637342596,1.254259495413364,2.602960303927981,1.420235055022745
2023-07-17,1.5510514589150668,3.4986450415481536,1.5562805643618374,1.3942029187665932,1.3986759165653138,2.490139493640367,1.4430670688037124,3.245616479013002,1.273481887103623,2.686216549321496,1.4155072625076521
2023-07-18,1.5489725449767968,3.668473507667645,1.547774438398951,1.383277659447972,1.3886893887127598,2.5016032799179886,1.500500824304516,3.3177786149770507,1.3241590333833515,2.7135985243155725,1.3933540892442333
2023-07-19,1.5599264938000112,3.6802170552466045,1.5772547319003904,1.3687848713098862,1.3692773229181372,2.533349488355326,1.4820935965375708,3.2886483439943,1.3036260789977328,2.694357205151599,1.3921383122785538
2023-07-20,1.5441753046618487,3.520325410571019,1.514332407084651,1.3325529860192404,1.3375223661874696,2.425204378663359,1.4478253296023882,3.179881368640936,1.2433376952095134,2.432007378422138,1.3218965584762234
2023-07-21,1.5346606133345126,3.435411005212386,1.5147984206744325,1.3412486248802644,1.34672343967886,2.3589868110066097,1.434885993765411,3.095284624990798,1.2214940948018125,2.4053653347268096,1.3136566473535698
2023-07-24,1.5411369670609874,3.4480577435599846,1.500815701582037,1.358751409141563,1.3636669101646526,2.3377424270123384,1.440479099732726,3.1164513321294987,1.2140673506568478,2.4889916869240856,1.3271646848584908
2023-07-25,1.5480930326187574,3.6458899478761406,1.5046609804474318,1.3688963778491368,1.3712970749337159,2.360670244217082,1.4649804169958631,3.1909886268588403,1.1882918955096229,2.4540240751511604,1.3551263183713516
2023-07-26,1.5551291314830715,3.7235774486945603,1.493241602798713,1.4454850398370083,1.4505161612264286,2.3935386599115676,1.4098421672600958,3.175131051110349,1.2101354959173238,2.4454209975479366,1.34283405783211
2023-07-27,1.544894872408792,3.4516711958300914,1.4944069034730458,1.4478260817792872,1.4519747521153121,2.4988776398369144,1.3804157220681461,3.2064270255919824,1.1734382405662485,2.365495007616338,1.3420235055022744
2023-07-28,1.5657631910840943,3.5916891976178644,1.5405500720578624,1.4828316503018841,1.4876570662599027,2.609267408692678,1.4123465753865252,3.2658051952767306,1.2429008965288755,2.464754913990044,1.3624206709909865
2023-07-31,1.5707203760101385,3.7940380449727664,1.557678782931101,1.4839465455852512,1.48922797498223,2.5541126467828192,1.4021204226578814,3.2643382089642725,1.2664919416392966,2.473913010644523,1.3393219392245492
2023-08-01,1.564004166368016,4.008130095308853,1.5344908285911871,1.4703456396520316,1.4760996296850213,2.5870610628638513,1.4038734191807396,3.2488299918089933,1.2651812956172144,2.4150787327413177,1.3291909110958584
2023-08-02,1.5397777428716524,3.6016260190617704,1.4939408898832647,1.4341137543613856,1.4405296333738744,2.519721043300454,1.3669755300817807,3.092490555692683,1.2166885593742895,2.3506938408624025,1.2927191479976832
2023-08-03,1.528504026828238,3.5483288041699086,1.5020974612038354,1.4355630842079352,1.4413150021269334,2.5107424066452677,1.3634694096565754,3.109675214426831,1.1865443674801799,2.3988900183592454,1.282993447562984
2023-08-04,1.4551051885922037,3.4146341715559347,1.6263109743711195,1.4329988590780187,1.4374999625464542,2.4910214550883762,1.3681442368901826,3.121201649660085,1.164700767072479,2.3483811673792494,1.2989329359411168
2023-08-07,1.429999252737801,3.3107500032736787,1.6571894864418226,1.470903087293715,1.4758751652343431,2.5377585616468727,1.3778695334694384,3.1726860739229195,1.1869812494875407,2.3260869611245996,1.3014993929875114
2023-08-08,1.4375949747379626,3.251129419208018,1.6306222668262955,1.4697881920103482,1.4744164031292502,2.5063333333537208,1.3609232210578674,3.120084021940839,1.170380149841446,2.3098982467425273,1.2763744349837065
2023-08-09,1.4247221785895654,2.969286344899643,1.6062690118120488,1.4509475844417503,1.4548922763254981,2.446769253502815,1.3449787483245617,2.972686140543551,1.1437309306794994,2.240425586124185,1.269485410058063
2023-08-10,1.422963153873487,2.991869904691147,1.614542042080085,1.4516166236772525,1.4552288873934105,2.4510180813717692,1.347900451655822,2.96108988688816,1.132372248468288,2.26956521555016,1.2805619966897723
2023-08-11,1.4215238963776085,2.975609714073442,1.6127942688685053,1.4511705975202511,1.4537701252883175,2.418149910326784,1.3398864985066348,2.853999353113665,1.1262560670186832,2.24468082628673,1.2426043412214038
2023-08-14,1.4348765263592929,3.0623308455671285,1.637963269914769,1.4696767705256661,1.4736310343761914,2.4546256829008533,1.3525336257966394,3.0564442636804636,1.1424202846574172,2.2179463264676547,1.257193046460674
2023-08-15,1.4188054479989385,2.916892665374195,1.6041715061582336,1.452285492803618,1.4562387205971474,2.4206350599492192,1.3434342720246302,3.069507503648312,1.12276109428652,2.1550417206493977,1.2384168825734856
2023-08-16,1.4117694711366162,2.862692087414807,1.5738756444246969,1.4393534559967638,1.4441202085036757,2.3592273014652485,1.3373403099079268,3.0377926186338575,1.145041493374859,2.086956607659192,1.2397676657123482
2023-08-17,1.3912209196815137,2.710930538048074,1.5611745071541798,1.454403691776533,1.4578096293194747,2.2854737952556468,1.3226479775480913,3.0278730730398626,1.166448295101922,2.027937135199719,1.237876548706311
2023-08-18,1.3951387696404143,2.7597109376023026,1.5523188265489773,1.428205183599642,1.4302064088453033,2.2707231429436265,1.3209784145903014,3.0247293786660086,1.1555264948980715,1.9934320863543018,1.230582196086676
2023-08-21,1.4059326518505415,2.8708221827236593,1.5693310784747505,1.4373466785085307,1.4404173155404307,2.32403398157092,1.3435178329691873,3.2809640538387974,1.202271786438276,2.139500481442327,1.250303918476883
2023-08-22,1.4170464232828601,2.8292683431118695,1.5643206767349427,1.4458194744001909,1.4483841769855108,2.30559572734327,1.3459386801510593,3.1902200912502794,1.1782437759937712,2.15716934073067,1.2459813505976343
2023-08-23,1.4481490010324418,2.944896058973085,1.579119141859355,1.485061440868618,1.485300617568307,2.3588263209345173,1.3648885445396712,3.291372861352805,1.1922237502491468,2.1911193705248326,1.2727273102029628
2023-08-24,1.4102503023361856,2.604336108264351,1.5362386018027667,1.4539576656195314,1.4562387205971474,2.2987815048158335,1.3355455329127899,3.294655926088406,1.168195739804642,2.1280295701503076,1.249898693841039
2023-08-25,1.4280802834106268,2.6332430372296542,1.5527848401387585,1.4569677467973128,1.457360871634328,2.2887606612900453,1.3481092266377261,3.214670129607108,1.1756225672763294,2.207123031505024,1.2575982710965181
2023-08-28,1.440713223643376,2.639566406403454,1.551386621569495,1.4692307443686645,1.4700402880301806,2.326920111724087,1.3511144909135433,3.2717429589486997,1.184360040770099,2.209250792740684,1.2697555254625765
2023-08-29,1.4721355686131576,2.7804879435576413,1.5720112344657322,1.510479488325325,1.5099865706566065,2.388888851511882,1.3707738590539589,3.407893945283809,1.1952818409739494,2.379093397835242,1.2843442307018467
2023-08-30,1.5003597533729738,2.8392051645557754,1.5738756444246969,1.5265328576855053,1.5246858246761423,2.3657207884979994,1.3723599884466804,3.441425175203934,1.1922237502491468,2.3765032148264615,1.2802917782271113
2023-08-31,1.5021187780890524,2.802168140281619,1.6081332439710936,1.5312152817883369,1.5279397887380313,2.3720540301081576,1.3680608033251143,3.4477821158912523,1.2009611404161937,2.387418965912839,1.2639470652131346
2023-09-01,1.5148317516283454,2.8202348847354903,1.6094150035928918,1.5250836979480926,1.5222172293673124,2.3759821224824265,1.3718173518250136,3.3886832198950527,1.2079510858805202,2.2665124696138714,1.2588140480621977
2023-09-05,1.516750598953528,2.8392051645557754,1.5995106590607417,1.5240803942585444,1.5234515270217275,2.4062048984823843,1.3922280041895114,3.391407737253558,1.257317669464889,2.3727103964370375,1.2778603273538995
2023-09-06,1.4624610546767176,2.8419150814594683,1.5772547319003904,1.509141579963457,1.5087522730021914,2.398348713733846,1.3894315148955982,3.2875307162750538,1.2079510858805202,2.3304347985652787,1.246251569060295
2023-09-07,1.4196849603569779,2.494128398509408,1.6062690118120488,1.5183946664661647,1.5177287964347992,2.3943403763235307,1.3770348156802876,3.2302481651845243,1.2232416228312555,2.326457067928361,1.2163988185413974
2023-09-08,1.4246421452830218,2.532972148918618,1.61069676321469,1.5295429388632866,1.530296237429627,2.388087379749419,1.3952332684653288,3.183513791969749,1.2035823491336355,2.2987974422542696,1.210860473696469
2023-09-11,1.4340769253058057,2.5492321672374354,1.6674435634162086,1.5355631012188489,1.536355407868258,2.4656084882611973,1.4105517983913882,3.155990410626257,1.2193097680917313,2.5308047218683365,1.2103201398292944
2023-09-12,1.4096106458937943,2.5383921550248902,1.6456536498456384,1.516945506728752,1.5186264830213019,2.4183101557493765,1.3847983407547808,3.1344743448943446,1.2175623233890112,2.4743757147264183,1.2222072787908393
2023-09-13,1.3929000330930403,2.50858186299206,1.6878350806175952,1.5328874546042504,1.533999130392872,2.4455668012096203,1.402704712372338,3.1774363914535058,1.148973348114383,2.5097131509943305,1.2322031976881995
2023-09-14,1.405133172799046,2.5492321672374354,1.6863202253009464,1.5494984417152513,1.5495960709989105,2.4989578848729606,1.413724057176831,3.184142690734036,1.1367409852151729,2.5535616322048815,1.23558020706443
2023-09-15,1.399296353512971,2.4715448387179033,1.6358657642609538,1.5418061065437754,1.5417413561710644,2.407487595811625,1.3783287365260366,3.066713434350197,1.123197892967158,2.5382980436778255,1.2055923473142016
2023-09-18,1.422963153873487,2.4507678327625646,1.6310882804160767,1.5491640071520685,1.5508303686533254,2.4254448691219976,1.3734869147828037,3.0713238485539827,1.1096548840458658,2.4540240751511604,1.1999189962960901
2023-09-19,1.4317582774538795,2.4634147434090505,1.6037054925684524,1.5477146773055188,1.5489226776468763,2.445647046245667,1.371775571352735,3.0401677773991507,1.145041493374859,2.465309933041299,1.1910036420749315
2023-09-20,1.4031342921673196,2.384823879523104,1.5764389858683734,1.5004459411024331,1.500673264939877,2.4023570511441616,1.3388846588283698,2.9506810793741525,1.180428186030575,2.4291396858877303,1.1791166061715341
2023-09-21,1.3906611745436743,2.3170732001485908,1.5069914039961776,1.464437068890288,1.4636445065236372,2.370771332778917,1.3337089754453744,2.865316066597981,1.1555264948980715,2.365402410338204,1.1530460896647106
2023-09-22,1.3975373287968926,2.214092222634974,1.5045443437000465,1.463210752122239,1.4615125222827197,2.3976269977084295,1.323190614169758,2.906741308422547,1.1673219757899207,2.2653099753876154,1.156828323676785
2023-09-25,1.4078516211777157,2.201445484287375,1.529596885798845,1.4734671423144947,1.4711624390673614,2.4116561786445327,1.3254028137492146,2.9494936332327697,1.1384884299178932,2.2848289452316037,1.1649331255681081
2023-09-26,1.3749101074075034,2.1345979956815007,1.467956231704944,1.4431438277855924,1.4426616176147922,2.3966650358738737,1.3028633953703288,2.927768112234446,1.1319353664609275,2.2582793576600215,1.138592493656771
2023-09-27,1.362676845699506,2.205962127326121,1.467956231704944,1.465551964173655,1.4647664863446084,2.3868846828067243,1.3055764510991736,2.9666782919669177,1.138925311925254,2.2247918907933673,1.1541267573990597
2023-09-28,1.3647557596377762,2.272809443633108,1.467956231704944,1.484169558663752,1.4846273954324822,2.4367484099770267,1.3091243519966576,3.0100595155414274,1.1572739396007916,2.2791860162865345,1.1672295702681368
2023-09-29,1.3689134655123245,2.305329824868519,1.4812398415127075,1.469899783604167,1.4683572326906191,2.406685879399662,1.3179313698422055,3.0387007910866926,1.1808650680379356,2.3147086471107143,1.1738484797892668
2023-10-02,1.3892220390497876,2.231255776320206,1.5085062593128264,1.5069119595058602,1.505498137724093,2.4596762271817707,1.343183843949936,3.1283271259559644,1.1813019500452964,2.327474649907124,1.1839795079179574
2023-10-03,1.3784280348376687,2.1653116507818577,1.4532743144279567,1.4860647445581663,1.4859738397041315,2.4125381400925425,1.3080808592256028,3.0399580556502124,1.1336828944903705,2.2805735639146714,1.1537215327632158
2023-10-04,1.388502471302844,2.177958561428344,1.479841534043484,1.519175127186349,1.5175045032003305,2.4497353840425284,1.3313297813562923,3.076563161522055,1.1529052028539069,2.4159112613182,1.17074158581755
2023-10-05,1.3984968744614756,2.1887985736408893,1.4677231360100933,1.5160536245238858,1.515596983410091,2.4434023870818704,1.3329993443140822,3.121760463519708,1.1799913040232142,2.4056428442524367,1.1756044875639733
2023-10-06,1.41912533722113,2.2357724193589514,1.4910277270973924,1.546599782022152,1.543761193794748,2.5286996799556403,1.3659738177830045,3.1967867536865358,1.2267365955634186,2.41008327897125,1.2061326811813762
2023-10-09,1.4311186210114881,2.232158967088845,1.4945233624205112,1.5551839993984942,1.5531866461287116,2.552188478464208,1.3766591735682465,3.1626266250021233,1.2337265410277451,2.402127817697415,1.2020802287066408
2023-10-10,1.4263212586945482,2.413730808488408,1.5087391772077572,1.5518394836575302,1.5491471420975544,2.5800865949138223,1.3706904254888905,3.199301549296103,1.2494539599858412,2.4386678893459703,1.223963286565546
2023-10-11,1.4375949747379626,2.413730808488408,1.5361221428553014,1.5797101646503346,1.5770870592477428,2.6280263984150136,1.3875115238631142,3.2697171587766185,1.2433376952095134,2.4328399069990203,1.2427394504527345
2023-10-12,1.4448709295179243,2.283649628144541,1.541948290627126,1.5639910597442002,1.5593581344007865,2.598685339213566,1.3822522795355616,3.2794272491042022,1.2131935866421264,2.39472709316606,1.248412801470846
2023-10-13,1.429999252737801,2.2357724193589514,1.5123513603783014,1.5449276092062385,1.541292598485918,2.5227674188762137,1.3679355892877672,3.1757596833921093,1.1629533223697586,2.323034215188311,1.2219370603281783
2023-10-16,1.428959795768666,2.238482508561532,1.5445118098707227,1.566220850310934,1.5608168965058795,2.574555069715627,1.388429802596822,3.2200490794194545,1.2018349044309151,2.348936186430504,1.2322031976881995
2023-10-17,1.4164067668404687,2.375790421146725,1.5319273093475907,1.571794986509495,1.5677737535310132,2.5974026418843246,1.3860088280354612,3.0693678668040385,1.2232416228312555,2.3575394051881156,1.2292314129478135
2023-10-18,1.4059326518505415,2.3242999323899167,1.4930086849037822,1.5527313658623962,1.5480251622765833,2.5410454276812713,1.3778695334694384,2.947677288327099,1.1721275945441663,2.244958335812357,1.2103201398292944
2023-10-19,1.4028944362516718,2.2791328128069073,1.4961546766846254,1.5493868501214325,1.5456687135849876,2.507696031069508,1.3829201301945753,2.941041073951233,1.1598951483182334,2.036170247153569,1.2550318140501233
2023-10-20,1.3822659734920173,2.1960253058822152,1.458517811862615,1.5244148288217272,1.5215440072314879,2.4743466344577443,1.363511190128854,2.8911632728451306,1.1341196931710085,1.9610546575901573,1.2334188715957317
2023-10-23,1.3832253971546085,2.217705502606193,1.474714495556291,1.5373466955194444,1.5316426817012763,2.517316138714065,1.374572188026137,3.00209568521485,1.1638270030577573,1.9618871861670395,1.2307173053180065
2023-10-24,1.3867434465867656,2.390243885629377,1.49801908664359,1.5620958738497859,1.5575627612277811,2.505611617328304,1.3796226573717854,3.050157141415282,1.170380149841446,2.002960289812542,1.237876548706311
2023-10-25,1.3680339531542853,2.206865490393648,1.4144721489316137,1.4121516441303248,1.4094478987790315,2.401234599237513,1.4219467853079224,2.9185470173443484,1.1166448295101923,1.9650323882270748,1.183844398686627
2023-10-26,1.3343727496351379,2.2863595450482332,1.39326497459817,1.3761427719181796,1.3720825292948795,2.3116082334587427,1.3686034399467808,2.8170451551311375,1.0528615563165322,1.903422732758821,1.1812778385820848
2023-10-27,1.3450068092361607,2.244805877735331,1.4884642078537957,1.3756968308157465,1.3708482316404644,2.3787880075995473,1.376617393095968,2.8292002226461515,1.0642202385277435,1.9176688804615014,1.1615561161918777
2023-10-30,1.361557477425819,2.201445484287375,1.5463762198296873,1.4018952539380691,1.3965439323243962,2.426326830570007,1.407922176227612,2.8753755155187766,1.0965487571319341,1.8257169601866288,1.1625016746948964
2023-10-31,1.3653954160801676,2.2041554011910676,1.5508039712323285,1.3968785653811917,1.3922800494506655,2.4151835351375706,1.4112613021431917,2.8487600401455926,1.3053735237004531,1.8579093355488927,1.1658786840711266
2023-11-01,1.390981063765866,2.1653116507818577,1.5963644894799789,1.422185106298648,1.4188733511129952,2.5000000917435625,1.4444862036868082,2.956688927950786,1.3071210517298961,1.902497748058192,1.1860057341553252
2023-11-02,1.4197649936635215,2.462511380341524,1.6088325310556453,1.4334448852350203,1.4305430199132156,2.4921436623455246,1.4538776386263015,3.0391897865241786,1.3420707790515285,2.0213690803996336,1.2222072787908393
2023-11-03,1.412409005577016,2.582655911540373,1.615008233469786,1.453400217977848,1.448608641436189,2.5220459475002968,1.4725769475607307,3.1439051615333806,1.3516820165600196,2.0347826995254317,1.2399027749436786
2023-11-06,1.4330374683366707,2.4372177313474395,1.6282918432775495,1.465440372579836,1.4615125222827197,2.5316658104953533,1.488145905561484,3.196018218077975,1.350808252545298,2.028399698127227,1.2508442523440575
2023-11-07,1.453745964402869,2.4977416784806272,1.6628991752661821,1.4760311973352744,1.469591530345034,2.555876325029338,1.5048417898983608,3.2102691706697337,1.3521188985673802,2.0553191101937958,1.248277795297663
2023-11-08,1.4623011100656218,2.4390244574824926,1.6555581721777086,1.4856187184011647,1.47935359374691,2.5635722643552836,1.515986348740201,3.2535104909174426,1.370467526242918,2.0546716350187944,1.2427394504527345
2023-11-09,1.4584632934132649,2.354110224422747,1.6383128245570848,1.4681160191944345,1.4614003756654852,2.569745015893349,1.5055096405573745,3.2797766076974146,1.3656619074886727,1.9424606724467977,1.2376064333017975
2023-11-10,1.4903653502143424,2.413730808488408,1.6728035197983322,1.4945373703406895,1.487769212877137,2.635642092704913,1.5429919467502786,3.376528152380039,1.3573613160022637,1.9856613961735727,1.316223207458112
2023-11-13,1.4775725873724888,2.4932250354418812,1.6615007788969987,1.4898551163469946,1.4821588001236523,2.6390092037753576,1.530511686590411,3.396437328472692,1.3757099436778015,2.0694728017727297,1.30244495149053
2023-11-14,1.498680761963439,2.67660343067761,1.6989047258240781,1.5098104490898225,1.4993266494520183,2.696087889354328,1.545496227497219,3.468808919703152,1.4054171702378278,2.1962072804186468,1.3360800390796495
2023-11-15,1.5032381463627393,2.7091238119130208,1.6686086862906215,1.5204014439543978,1.5105474749589873,2.6672278110701573,1.5429919467502786,3.415159058423962,1.3831367711494889,2.2464384807186284,1.3345941467094564
2023-11-16,1.5168306322600718,2.622403025017109,1.6642973938354457,1.5462653474589692,1.5364675544854922,2.679092577878511,1.5701227587977031,3.456514215343864,1.3660987894960333,2.1608695618419604,1.3310820281018956
2023-11-17,1.516670687648976,2.647696501712306,1.69168018168307,1.526644449279324,1.5182898719533895,2.685906800405947,1.5437432309743608,3.4438003339692274,1.3757099436778015,2.167437616642046,1.3451303994739912
2023-11-20,1.530742763375612,2.532972148918618,1.7027500046894728,1.5375697085979452,1.528837475324534,2.725428948555776,1.5754236562180457,3.5214112381677594,1.4036698088618302,2.17946354698532,1.350263416624928
2023-11-21,1.5242664096491376,2.575429179299047,1.6767652576111922,1.5453734652541031,1.5369164833868483,2.7014591691299303,1.557183422960726,3.4889278175447433,1.379204916409965,2.2312673483153187,1.329326020327189
2023-11-22,1.5296233951019251,2.6016260190617704,1.70950835744078,1.5609811486755558,1.55397218609798,2.7376142062093143,1.577134999648114,3.4031436277532223,1.3875055078963736,2.1666050880651637,1.3325679204720888
2023-11-24,1.51890942419635,2.609756114370623,1.709857912083096,1.5409142243389091,1.5337746659421938,2.7114800126557186,1.5753818757457672,3.337478335803293,1.3835736531568497,2.1780758582027957,1.3214913338403793
2023-11-27,1.5174701667004713,2.620596298882056,1.7213935708793602,1.5390190384444948,1.5306328484975393,2.6831811603248723,1.5803071310540684,3.370031574848446,1.4014854821517493,2.1839038405497457,1.3131163134863952
2023-11-28,1.5223474403219632,2.680216882947717,1.7132369995587895,1.5453734652541031,1.5394972253129127,2.717572519157738,1.597378784882475,3.3406217636946205,1.4089122262967138,2.28233121834657,1.3235175600777471
2023-11-29,1.5141120618794102,2.7280940917333063,1.7049639692907534,1.5206242869237616,1.5146992968235884,2.663139473273296,1.5813089707323333,3.3629060985525667,1.4539099898074752,2.2584644110619023,1.335674711385658
2023-11-30,1.5187494795852543,2.630533120325962,1.7022838132997717,1.492976619009458,1.4870959907413122,2.622655118639411,1.5815593988070273,3.2672023631670517,1.4884229184484699,2.2209066162801965,1.3144670966252578
2023-12-01,1.5290637719660773,2.7904245927026596,1.7132369995587895,1.4862877576366669,1.4795780581975881,2.6039763739531216,1.5631939515123607,3.2668530045738393,1.5198777563646617,2.2093432488644305,1.3312171373332262
2023-12-04,1.5145917737107057,2.7380307408783247,1.68771844387021,1.4562988776709473,1.4505161612264286,2.5654961880243947,1.540779747170822,3.1791826514545116,1.5072084281313682,2.179278493583439,1.31041474720867
2023-12-05,1.5464939525137749,2.714543818019293,1.71148922634721,1.4759197758505924,1.4698159947957121,2.551627497160384,1.5548876624367123,3.2529516770578195,1.4901704464779129,2.208325666885668,1.3060921793294213
2023-12-06,1.537698950935374,2.634146400297181,1.6839898017522004,1.4652173595013354,1.4589317803566553,2.544893519668994,1.5393604849082374,3.1786936560170256,1.4643949913306877,2.214338561480111,1.321761449244893
2023-12-07,1.553290195462441,2.350496944451528,1.71148922634721,1.5434782793596888,1.5364675544854922,2.618165800311818,1.5483346246428995,3.2550472956520378,1.4862385917383887,2.244588370162983,1.3412130562305864
2023-12-08,1.5648037674215032,2.553748982575069,1.717781387708816,1.5232999335383601,1.5146992968235884,2.6675485465648427,1.5620252447039589,3.318616969007749,1.5251201737995452,2.255689174651241,1.3555315430071955
2023-12-11,1.5445749831866005,2.5429087980636362,1.699953389751026,1.501672257870482,1.4956237564887733,2.607663975868752,1.5497954126187854,3.2572127326683926,1.5447794474971652,2.217761414220161,1.3636363448985187
2023-12-12,1.556808244894598,2.504968410721953,1.7184804969934477,1.4898551163469946,1.486983844124078,2.67933306833715,1.562651314890694,3.329165413366031,1.5784186121234383,2.1925069181529695,1.3724165898883467
2023-12-13,1.5827936931070399,2.5420054349961094,1.734327626044808,1.4935340666511414,1.4875449196426684,2.6835016511700576,1.5626095344184154,3.3592736752237538,1.5950196284428102,2.2135984890269755,1.3794408271034684
2023-12-14,1.583992972685279,2.838301801488249,1.717781387708816,1.4849498492747992,1.4804757447840908,2.6709156576352875,1.5273812082772467,3.377575961677148,1.6168632288505111,2.3223867400133096,1.3974064386608211
2023-12-15,1.5796754442016265,2.8202348847354903,1.7474947769051061,1.4920847368045917,1.4878815307105806,2.684944838571391,1.5474163459091919,3.4152986952682363,1.6325906478086072,2.3450509119173333,1.3851141781215797
2023-12-18,1.5662429029153901,2.7642277529399357,1.795269259754037,1.5294315173786046,1.5237881380896396,2.7627064375418082,1.555430299058379,3.4982187308569777,1.6470075040713437,2.3319149434715496,1.3903823045038473
2023-12-19,1.574638225969039,2.915989130007781,1.7920064534258888,1.5395764860861783,1.5333257370408377,2.8087220727243882,1.5579764876570867,3.4651764963743386,1.661861159014718,2.379463504639004,1.4030798927370802
2023-12-20,1.5577676685571893,2.6856368890539897,1.7725471412039846,1.5569677638082264,1.552288959542209,2.800064171563887,1.5469571428525937,3.360880298380486,1.6216688476047567,2.2862164928597406,1.3513440843592772
2023-12-21,1.5565682669769585,2.6576333231562126,1.7925891037630552,1.5808250599337017,1.5756282971426496,2.8386243578791603,1.5591451944654886,3.422284534719842,1.6321538491279692,2.354301605849946,1.3852492873529103
2023-12-22,1.5479332100096534,2.596206012955498,1.7876951609707128,1.5910814501259574,1.587634662618887,2.8330128322944192,1.5634860326798448,3.4111074580798,1.6330276131426906,2.3361701836340947,1.3933540892442333
2023-12-26,1.543535648219457,2.662149966194958,1.7875787020232474,1.5921963454093242,1.5879712736867995,2.844556618958587,1.5638200216990958,3.4424729845010433,1.6234163756341997,2.373820434539547,1.4109144761657422
2023-12-27,1.5443351272709527,2.714543818019293,1.7867629559912306,1.5768116750663723,1.5750672216240593,2.868606643420479,1.5613573940449452,3.4521132564064896,1.6295325570838046,2.4185014443269806,1.413616145501615
2023-12-28,1.5477732653985576,2.7308040086369987,1.7872291473809316,1.57502791065664,1.573496312901732,2.872534980444248,1.5664078633905936,3.45944818796878,1.6282219943884453,2.342090622104791,1.4142914855419726
2023-12-29,1.5393779423449088,2.593495923752918,1.7704498133500892,1.5711259472739927,1.567437142463101,2.8375821510085584,1.5695801221760366,3.45944818796878,1.6181739581993162,2.298612388852389,1.4048359005117868
2024-01-02,1.4842887970146112,2.596206012955498,1.747028585515405,1.5558528685248596,1.5503814397519693,2.7760943921380417,1.5480006356236484,3.364862080302511,1.5819135015288788,2.2980573698011337,1.3714710313853282
2024-01-03,1.4731750255822926,2.494128398509408,1.730016333589632,1.5647715204643844,1.5587970588821962,2.7615039852486136,1.546873709287525,3.323017927945123,1.5666230479048662,2.205827940000634,1.3531000921339837
2024-01-04,1.4544655321498123,2.519421875204605,1.6845724520893668,1.538907446850676,1.5304083840468612,2.7827481245933847,1.5357709309179635,3.3529865529585723,1.5631279918459802,2.2010175396324465,1.3390517207618882
2024-01-05,1.4486287128637374,2.462511380341524,1.6923794687676217,1.5316611378362015,1.5230025981203714,2.821468800980751,1.5349778662216027,3.4297591031264063,1.5692441732955853,2.1969473528717827,1.3455356241098353
2024-01-08,1.4836491405722199,2.5808491854053193,1.7373573366781054,1.5666667063587987,1.5578993722956935,2.8752606205253226,1.563945235736443,3.650227026458051,1.6330276131426906,2.2243293278658594,1.3810617256468445
2024-01-09,1.4802910357511587,2.5564588994787614,1.7638079195462475,1.5892976857162249,1.5815753209640466,2.8654000224221265,1.5685366294049818,3.71219007665703,1.6509393588108676,2.173543108514623,1.3763339331317517
2024-01-10,1.4886863588048076,2.578139268501627,1.791307344141257,1.6031216047279453,1.5964990394342606,2.96993753058501,1.5976708660499588,3.7967167354025033,1.6496286294620626,2.16410736118013,1.3616102217192985
2024-01-11,1.4838889964878677,2.4715448387179033,1.8082031371195648,1.6016722748813956,1.5942549085761086,2.9635242885883057,1.6054345185039407,3.829689151463006,1.6474443027519816,2.101942686660621,1.36728357273741
2024-01-12,1.4865275335619854,2.367660325837872,1.8016778800631084,1.608026871800141,1.600650690082652,3.002164475290125,1.6214625521818036,3.821865224463229,1.6221058129388402,2.0248843892634305,1.3675536881419235
2024-01-16,1.4682178406562487,2.263775985256729,1.7846656281373352,1.6062431073904084,1.5988554881258563,2.945807261087072,1.6289756491816028,3.938665848565308,1.6063783939807441,2.0343201365979238,1.3733621483913654
2024-01-17,1.4606219966540954,2.198735395084795,1.7677698351590274,1.5929766360203717,1.5874101981682092,2.953102464531786,1.6256365232660228,3.9156830630034647,1.5906509750226483,1.9939871054055567,1.3906524199083607
2024-01-18,1.5081954532907749,2.1734417460907105,1.7886273659501952,1.616388076097982,1.6099639957993814,3.0153119394277197,1.6440019705606894,3.989311918797444,1.6203582849093972,1.9600370756113943,1.52681346269192
2024-01-19,1.5316222757336513,2.2411924254652242,1.8100675470785295,1.649609880210847,1.6425044924993175,3.0739940578306157,1.6640371081926346,4.155850707161352,1.620795083590035,1.9629047681458023,1.5426178418387222
2024-01-22,1.5502518578615796,2.388437331793211,1.803542290022073,1.6467113906268844,1.638128377400248,3.0606061032343828,1.6550213153651827,4.167237239067804,1.6234163756341997,1.9315449213604206,1.52681346269192
2024-01-23,1.560566028240411,2.3866306056581577,1.8179912005041694,1.6575250583516867,1.6499101072095979,3.0880232387667195,1.6649970400191323,4.182536000956672,1.6146789021404302,1.9346901234204559,1.5416722833357037
2024-01-24,1.5551291314830715,2.298103092627193,1.8278955450363197,1.6761428229509205,1.6685367186430569,3.132114950280188,1.6802737894729132,4.28655265877945,1.5954565937768936,1.9225717369534352,1.5739564847278131
2024-01-25,1.5524905944089538,2.2746161697681617,1.8381496220107054,1.7128205642894312,1.7041067149542035,3.1519961472596716,1.6899156524871004,4.304366216277885,1.6159896314892352,1.6894542780824713,1.5744968185949877
2024-01-26,1.5384984299868696,2.269196163661889,1.854113210009531,1.7144927371053447,1.7076974613002143,3.1596923312351173,1.6859921094775754,4.263429969890805,1.6470075040713437,1.6951896631512873,1.5839525066833209
2024-01-29,1.5329814999229863,2.354110224422747,1.879049115360944,1.72619845714415,1.7225088619369844,3.2148468484954758,1.7101594377214613,4.363604749118359,1.7112275759456417,1.7662349247996472,1.5801702726712465
2024-01-30,1.5034780022783871,2.3062331879360456,1.8527149914402674,1.706243124401322,1.6995063066206655,3.2071509091695307,1.7054428300155753,4.385190366789882,1.6880734128425812,1.7723404166722245,1.567742799842527
2024-01-31,1.4743743051605318,2.238482508561532,1.8084362328144155,1.5808250599337017,1.5720377220128485,3.127625631952595,1.6594873676168858,4.298079094012704,1.6369594678822146,1.7325624045311123,1.5258679041889014
2024-02-01,1.494043344257595,2.25383933611171,1.8559776199684956,1.5909700286412753,1.5839317696556423,3.1648228759025807,1.6853660392908403,4.402864287444043,1.6417650866364601,1.7470860617594204,1.5316763644383433
2024-02-02,1.4859679104261376,2.2601627052855098,2.00198086890643,1.600222945034846,1.5976211904714412,3.807840294763504,1.71642039434779,4.6217258541014825,1.7365662324122286,1.7382979307543156,1.5635553411946088
2024-02-05,1.5005996092886216,2.178861924495871,1.9845024255909558,1.6157190368624799,1.6122081266575334,3.6829406087038588,1.6931713448376118,4.843311405152373,1.7330711763533426,1.6749306208541632,1.6046197875765464
2024-02-06,1.5135524387435624,2.349593581384001,1.9709857200883416,1.621070330091677,1.6169210240407248,3.6453423842231407,1.6925034941785981,4.765840137798115,1.7933595601415622,1.7123035033883758,1.612589480236539
2024-02-07,1.5144319511016018,2.333333390766296,1.9870659448345522,1.6352285135574431,1.6330788689491442,3.764550299661998,1.7282326764691551,4.896891448009425,1.7837484892865165,1.735245184818027,1.6882345727106147
2024-02-08,1.505716860827753,2.4245709929998407,1.979025832461447,1.6412486759130056,1.6372306908137453,3.767837165696397,1.7284831045438493,4.864897022823896,1.7789428705322712,1.7535615192813718,1.8064297978205264
2024-02-09,1.5099544780068535,2.57181572702894,2.032742922029668,1.6746934931043709,1.6719030005383895,3.752685532853645,1.7553634885165799,5.038980464499031,1.6107470474009062,1.7906568922899568,1.7980548805246896
2024-02-12,1.4963619921095213,2.816621604764271,2.0081565713205705,1.6580825059933701,1.655408373345848,3.759018774463803,1.7332832731942922,5.047013846765219,1.5513324276274083,1.7403330947118414,1.762258663583167
2024-02-13,1.4794914346976715,2.596206012955498,1.9650431133690516,1.6317725763317972,1.6285906072328404,3.6886323793246465,1.6959679615110137,5.038630839423292,1.5600699011211778,1.7023127370026274,1.7229502249759359
2024-02-14,1.4723754245288054,2.641373132538507,1.9923094422692107,1.6403567937081394,1.6375673018816577,3.7941318493220852,1.7091993785154749,5.162417302976976,1.5648755198754232,1.7456985141312833,1.7461840659737038
2024-02-15,1.4700567766768793,2.7136406272506544,1.9785598188716658,1.604682356059177,1.6019973055705108,3.880311103643865,1.69696967380979,5.075654855827956,1.5980778858210583,1.854301570561349,1.7429420627706564
2024-02-16,1.4576636923597777,2.595302649887971,1.9751805535960523,1.5803790337767,1.5767504481798305,3.7944525848167707,1.686534746099242,5.072511427936629,1.5412843914382792,1.8496762235950428,1.711333304477052
2024-02-20,1.4516670504645988,2.4435411005212386,1.9468655607689456,1.5852843008488957,1.5834828407542862,3.7818663466325004,1.6812338486788996,4.851694412494299,1.5338576472933148,1.7924144055674678,1.6929623652257078
2024-02-21,1.4577437256663215,2.3649504089341797,1.9644604630318852,1.60356746077581,1.5995287102616809,3.7520443065137745,1.6786876600801917,4.713377722660308,1.5482743369026057,1.8017576967782147,1.6930973713988906
2024-02-22,1.474134449244884,2.4056007131795556,2.034257777346317,1.6200670264021289,1.6168087062072811,3.897146169697089,1.718215171342927,5.4864131551764395,1.5723024306738331,1.826179523114137,1.7434824996959786
2024-02-23,1.4593428057713043,2.3622403197315998,2.0390352611911937,1.6197324217298092,1.6153501153183976,3.880311103643865,1.7127472794129588,5.505903154253744,1.5666230479048662,1.7758557255360214,1.749696081523117
2024-02-26,1.4484688902546334,2.61065947743815,2.036005550557896,1.5468227951006528,1.5436490471775137,3.8619528498027607,1.7010602113289406,5.5251138796425,1.5460900101925248,1.8445883137012282,1.7646900113982311
2024-02-27,1.4602223181293434,2.7190606333569267,2.0221392904129663,1.5618730308804218,1.5583483011970496,3.904521373528349,1.7008097832542466,5.497799420600365,1.5762342854133573,1.847641059637517,1.736998493289884
2024-02-28,1.4505476821909118,2.6820236090827705,2.0177115390103246,1.5321069938840661,1.530296237429627,3.8802308586078182,1.7018114955530228,5.425288459008159,1.5779816467893548,1.8690101400371504,1.7206537802759072
2024-02-29,1.4451906967381243,3.3396569322389826,2.059659696287511,1.5583055020609573,1.5536355750300677,3.9292128689796115,1.7265214604185755,5.526510781050294,1.6033203032559418,1.8675301362852668,1.738079161024233
2024-03-01,1.4364756064642756,3.2402890623976974,2.076672126013204,1.5393534730076774,1.538824003177088,4.026775664542966,1.7342849854930684,5.7477472399905,1.5902141763420101,1.874560612858473,1.8087261394624075
2024-03-04,1.4000160432619062,3.0776875008184197,2.0692146639772653,1.4960981216719211,1.4962971498408075,3.9938272484619346,1.7318641383111963,5.954383654228262,1.5902141763420101,1.7404255508355881,1.867621191228515
2024-03-05,1.360198253236484,2.823848337005597,2.028897643164273,1.4914158676782263,1.4886668994636396,3.9299343403555285,1.6806494315849543,6.005169361304672,1.5591961371064562,1.6719704721960087,1.8231798385284945
2024-03-06,1.3522027307095787,2.9322493206254863,2.0217897357706502,1.4778149617450067,1.4744164031292502,3.97699218240871,1.6783120179681508,6.196297558387155,1.5124508455662518,1.6331174447555252,1.9123329685074912
2024-03-07,1.3512433070469876,2.869918819656133,2.060358983372063,1.5076924202260444,1.507854586415689,4.106060695950763,1.707738590539589,6.47355930385437,1.5517693929614917,1.6526364145995136,2.015399154510958
2024-03-08,1.365075526857976,2.8635954504823333,2.043230094698904,1.5193979701557128,1.51941202299057,4.0560367233578685,1.695550538926694,6.114425598578049,1.5246833751189073,1.6220166402672673,1.9771713836380762
2024-03-11,1.3812265165228823,2.788618038866494,2.0037288199179293,1.548940994073568,1.544771026998485,3.876783747150827,1.688454737131726,5.991896932552939,1.5002184826670417,1.6444958999237977,1.8778874316466836
2024-03-12,1.385064333175239,2.7714544851812617,2.0436961082886858,1.5565217376512248,1.5540843327152143,4.006333241610158,1.7333667067593608,6.420747796605879,1.5233726457701022,1.642368138688138,1.9505605332640783
2024-03-13,1.3682738090699331,2.7434509192834846,2.057329272738765,1.5693423529733972,1.5685591222840722,3.9728235995758023,1.7326154225352786,6.349144474501453,1.5115770815515301,1.567807568175981,1.920032442704823
2024-03-14,1.3832253971546085,2.6287263941909087,2.0828478284273446,1.6091415969743708,1.6057001985337558,3.9428410693849836,1.7748559895268585,6.143486051138663,1.4884229184484699,1.5032377640495727,1.8859921304798593
2024-03-15,1.3801870595537473,2.612466203573203,2.032393367387352,1.5849498662857129,1.5841560628901108,3.8808723295971888,1.738125094937525,6.136011216249572,1.4936653358833532,1.5131360743115743,1.8503309197115196
2024-03-18,1.3889821831341396,2.624209578853275,2.0330924766719836,1.6552954378940896,1.6570914286854097,3.9841271404308314,1.7418816434374247,6.179182984557671,1.4844910637089457,1.607770633718974,1.8457382364277573
2024-03-19,1.4078516211777157,2.555555708710122,2.049638715007976,1.6490524325691633,1.6497979605923636,3.9781946347019046,1.7589531698863425,6.245057998256538,1.4805592089694217,1.584828952289323,1.8218289523314846
2024-03-20,1.4285599952419223,2.5880759176466452,2.075856379981187,1.6686733307488084,1.668985647544413,4.052589367251377,1.774897769999137,6.31309844897176,1.4980341559569608,1.6249769300798094,1.8472241287979503
2024-03-21,1.3701926563951157,2.5636856317200873,2.075856379981187,1.658194097587189,1.6561939133151165,4.070546885211249,1.7921779440504704,6.3873559370475,1.4997816839864038,1.5987049931882422,1.8836957888379782
2024-03-22,1.3774686111750774,2.5130985060308055,2.084246046996608,1.6919733493417373,1.6917639096262633,4.085137047451178,1.789548321886694,6.5867275046276355,1.4805592089694217,1.5802960614467634,1.8984195002504314
2024-03-25,1.366035072522559,2.4959349523455736,2.094034110381213,1.6850613047813086,1.683909366014627,4.032547680199801,1.765005351530767,6.6365352208290735,1.5277414658437096,1.5969473387563438,1.894232041602513
2024-03-26,1.3569201817219667,2.4444444635887654,2.077604330992686,1.691192888621553,1.6906417585890825,3.975388994234284,1.7599548821851188,6.4660146505431415,1.5513324276274083,1.6435707740687815,1.8754558777153245
2024-03-27,1.3857039896176304,2.462511380341524,2.0954323289504764,1.6938685352361516,1.6928858894472345,3.959114909484884,1.7590366034514109,6.30457580478556,1.5238096111041857,1.663552306840278,1.8464136795262622
2024-03-28,1.3710721687531549,2.445347826656292,2.1018411270594677,1.6974358939464793,1.693559111583059,3.8927368517560423,1.756073119647872,6.311980821252514,1.5146351722763327,1.6261794243060657,1.8377685437677647
2024-04-01,1.3594786854895407,2.384823879523104,2.10871593875824,1.744704630149565,1.744726219716454,3.938993222046761,1.7721429337980137,6.3124695502074735,1.5430319194677222,1.6209066021647578,1.9112523007731421
2024-04-02,1.3499639941622048,2.3270100215924967,2.1054533102300117,1.7376811641044545,1.7342907629625437,3.9872535163931375,1.7590783839236894,6.248830324912152,1.5347314113080361,1.5414431751606672,1.8940970354293298
2024-04-03,1.3564403478886793,2.288166271183287,2.1254952727890823,1.7432553003030153,1.738330266993701,4.062369720318526,1.754946193311749,6.21473974816735,1.5412843914382792,1.5576318895427395,1.9181413256987858
2024-04-04,1.3498041715531006,2.2601627052855098,2.0974131978569064,1.6938685352361516,1.6890708498667553,4.095879607002383,1.7442190570542284,6.0010479425383725,1.5146351722763327,1.5828862444555438,1.8865325674051814
2024-04-05,1.3558807247528315,2.272809443633108,2.1564904216071707,1.7161650800303951,1.7111758898127811,4.227513515202918,1.7761081299003287,6.147957094980701,1.4975971906228773,1.5254393730260882,1.909496189940288
2024-04-08,1.3468457452567912,2.255645889947876,2.1578886401764343,1.7406912452822356,1.737544898240642,4.162658400612456,1.7722263673630823,6.086832398812421,1.4844910637089457,1.6001849969401258,1.9288125846365036
2024-04-09,1.356600292499775,2.252032609976657,2.163481692253409,1.7629877900764794,1.757181342877838,4.143819410503574,1.7792803886857718,5.962556673338723,1.5141983735956948,1.6362627879699478,1.9640685707689993
2024-04-10,1.3414887598040037,2.132791441845335,2.166744320781637,1.7576366669564192,1.7520196878095,4.167308209012141,1.7666750418680457,6.080265736376164,1.4635212273159663,1.5888991390499871,1.9751452604588562
2024-04-11,1.399536209428619,2.1382114479516074,2.202866508086918,1.7925306438851973,1.7887118351578275,4.194003383869561,1.7861674154988356,6.330143204379107,1.4862385917383887,1.6151712170959418,1.9883830795011161
2024-04-12,1.4116095265255206,2.0261970120616115,2.168841826435452,1.7746935101152848,1.7698607592736906,4.10373579175092,1.7609983749561735,6.160391169701736,1.4652687553454093,1.5823312254042892,1.9251655629139073
2024-04-15,1.3807468046915865,1.8825655580037313,2.1395944508289433,1.7428094442551507,1.7376570448578765,4.010181333597881,1.7265214604185755,6.007754241818903,1.4233290825594502,1.4938020167150792,1.893016367694981
2024-04-16,1.354281644647849,1.8518519029033742,2.136098904405784,1.7391304939510042,1.7324953897895385,4.0064134866462044,1.7304448760486117,6.1065318531561354,1.4285714999943337,1.4533765293989653,1.8884236844112186
2024-04-17,1.3432477845200823,1.8608853612797533,2.112328121928784,1.7489410280953952,1.744501755265776,3.9616003037568195,1.7190082360392878,5.870416075824938,1.4316295907191363,1.4380203435937753,1.8780224378198667
2024-04-18,1.3355720292133768,1.8852756472063115,2.0883244215568535,1.7554070464988223,1.750560925704407,4.022767327132651,1.6874112443606712,5.914844575731503,1.4377457721687412,1.3869564735625244,1.7867081784884669
2024-04-19,1.3192612169393665,1.8717253734922985,2.0348404276834833,1.736008991288541,1.7290169612769717,3.856581814676658,1.6659153187528402,5.323087613125996,1.4154653730804023,1.360314571021583,1.724976348155156
2024-04-22,1.325977426581489,1.9485095112431916,2.06513628941702,1.7608695911035643,1.7535905965318273,3.8618728494162142,1.6735954102622648,5.554872516424484,1.4298820626896933,1.3140611013585193,1.7526678662635031
2024-04-23,1.3344526609396898,2.017163553685232,2.092053063674863,1.7828317013346253,1.7758077830950874,3.9770724274447566,1.7011854253662877,5.757806422428768,1.4425513909229868,1.3383903304163074,1.802377345345791
2024-04-24,1.3514032516580834,2.0189702798202855,2.057678827381081,1.7959867512199803,1.785570017713173,3.956229023981217,1.707404601520338,5.565980041124916,1.4351244801245768,1.4998150524639098,1.7961637635186525
2024-04-25,1.3583593172158535,2.001806726135053,2.0236541457296147,1.7608695911035643,1.7504487790871728,3.538399971473868,1.6655814571130776,5.772407000096266,1.4259502079501694,1.5742830256979325,1.8449277871560692
2024-04-26,1.3536419882054576,2.062330673268241,2.0929852686543455,1.9363434598735512,1.9294209116800873,3.5537118497392126,1.6959679615110137,6.128886006436219,1.4836172996942243,1.55679921981147,1.868161628153837
2024-04-29,1.3872231584180612,2.0867209591947993,2.1085994798107746,1.871794867433099,1.8643400894964248,3.4681738217573037,1.6789798686271644,6.130423077653342,1.4757535902151762,1.7950971858543825,1.8708631944315621
2024-04-30,1.3618773666480106,2.0352304704379907,2.039151720138659,1.8354515606577713,1.8265259623271262,3.448533115236459,1.6250521061720775,6.035766885082408,1.4613369006058852,1.6954671726769146,1.855193821457943
2024-05-01,1.3536419882054576,2.0496839349206426,2.085760902313257,1.8458195424438457,1.8386444744205979,3.520843434044727,1.6484681501918812,5.800978190736868,1.7684578690090587,1.6650324517465491,1.8227746138926506
2024-05-02,1.3834652530702565,2.091237602233545,2.1524120470469255,1.8780380428671624,1.869613891181997,3.5408048760602573,1.6605726408602193,5.994900723599993,1.76933163302378,1.6652173639940424,1.8401998915828288
2024-05-03,1.4662189600245223,2.171635192254545,2.1697740314149345,1.8839466136289058,1.8765709194233404,3.6232162834303603,1.6973870963941096,6.202515128712726,1.765399778284256,1.676133256234807,1.9121977562180132
2024-05-06,1.4528664520448296,2.237579145494005,2.198788133526673,1.8933111216162954,1.8862208362079822,3.7332050717553926,1.7261040378342558,6.436605105871843,1.8077764164042986,1.709158160173953,1.9293530215618255
2024-05-07,1.4583832601067213,2.2366757824264782,2.199487242811305,1.9284281116235744,1.921566368068451,3.753727739724247,1.7085733083287398,6.325812330346397,1.830493780826721,1.6448658655731718,1.9061191805640578
2024-05-08,1.4611018304873826,2.206865490393648,2.1906315622061023,1.908138344317564,1.9005834791596057,3.788680569159937,1.713582124581598,6.3158927847524025,1.862822216104189,1.6162812551984513,1.9397542681531774
2024-05-09,1.4757336513518584,2.1960253058822152,2.2081100055215765,1.9128205983112585,1.907091578499593,3.811287650869995,1.7210117880163287,6.19958115608781,1.8632591814382726,1.5908418468837664,1.9288125846365036
2024-05-10,1.4635804229504046,2.1580849185405317,2.184572318739427,1.8984392316578547,1.8923921532638475,3.817540647444107,1.7311127267076256,6.278588961694136,1.8348624342468831,1.5584644181196217,2.0162096037826465
2024-05-13,1.489405926551751,2.25383933611171,2.173968864922645,1.9052396846244646,1.8978904194000978,3.751884061091182,1.7268553220583378,6.314984612299567,1.8283092874631945,1.590101774430631,1.9777118205633983
2024-05-14,1.4986007286568954,2.371273778107979,2.17979501269447,1.916722391584769,1.9113553757652189,3.7826680630444636,1.7387093846519817,6.3818376168734074,1.8357361982616045,1.642460735966272,2.052546257649491
2024-05-15,1.5169105435646237,2.4019874332083364,2.167210512171338,1.938461658846466,1.9357045465693965,3.8603496616283346,1.7659236302644747,6.61054837773765,1.8540847426104197,1.6095282881508726,2.1015804997495686
2024-05-16,1.517869967227215,2.3667571350692334,2.1397110875763286,1.9557413449746954,1.9544433046200895,3.793731113440854,1.7572000459839954,6.591617459002496,1.8685015988731561,1.617391293300961,2.0563284916615654
2024-05-17,1.518109823142863,2.3839205164555777,2.152178951352075,1.9764771384377076,1.9755385113623785,3.7831490439617417,1.753944353633484,6.460286342137583,1.868938397553794,1.6416282073893897,2.0488990298106
2024-05-20,1.527464569859103,2.3947607009670104,2.138662245849461,1.9895207668383805,1.9851884281470202,3.7585377935465254,1.7753568456762465,6.621027003673794,1.862822216104189,1.6184088752797239,2.0741592001038827
2024-05-21,1.5379388068510218,2.3622403197315998,2.1341178576994344,2.0015607513312315,1.9956238849009305,3.7247876610535307,1.790800589639653,6.663360417951195,1.8134556325198201,1.726179544287295,2.0757800986472588
2024-05-22,1.526345201585416,2.2475157946390234,2.1338849398045037,1.9843924866876843,1.9791292577083892,3.750040137808617,1.7969779853214247,6.632902531017733,1.8077764164042986,1.6661424898490587,2.1092799739469004
2024-05-23,1.4942032888686907,2.1626017338781653,2.1096481437377226,1.9516165386226842,1.9473743009777216,3.7340067881673558,1.7822856529615891,7.25106578021254,1.8042813603454126,1.6072156146677194,2.1219775621801333
2024-05-24,1.518989335500902,2.171635192254545,2.1061524195146437,1.9657748921975873,1.9635323171023507,3.8337342425079606,1.7954754168732603,7.43758329660871,1.8103975417950176,1.6580944312970896,2.1612860007873644
2024-05-28,1.5190693688074457,2.1770551983608173,2.122465562155785,1.984615499766185,1.9793535509428577,3.847362687562833,1.796143267532274,7.956758946234818,1.8130188338391822,1.6350601525893043,2.153316308127372
2024-05-29,1.521467927963924,2.160795007743112,2.120950884639056,1.9777034552057564,1.973743138189373,3.8027897504825865,1.7913432262613196,8.021306343982975,1.8401048516817666,1.6298797865717431,2.0848304590416005
2024-05-30,1.5294634504908293,2.5808491854053193,2.0894897222311863,1.9348941300270015,1.9312162848530927,3.7441878771157366,1.7308206455401416,7.719175916108636,1.8077764164042986,1.653931506103904,2.06618950744389
2024-05-31,1.5371392057975346,2.6711834245713377,2.0559310541695015,1.9393535410513323,1.9355923999521623,3.7424241988692177,1.7327406365726257,7.658610300282505,1.812582035158544,1.6473635924582057,2.040253894052102
2024-06-03,1.5513712261352666,2.6612466031274318,2.0780703445824678,1.9444816510928917,1.9431103324958863,3.8278819818150804,1.7260204768896985,8.033531496402652,1.7999127069252505,1.630804771272372,2.093070370164254
2024-06-04,1.5539298519048323,2.680216882947717,2.089722640126117,1.9523969993428685,1.95006718952102,3.823873644404765,1.7366641795821507,8.13391546441409,1.7771953425028282,1.6167438181259595,2.0595704948646123
2024-06-05,1.5660829583042943,2.760614300669829,2.112328121928784,1.9740246750107466,1.9682450432693324,3.9687350171294407,1.76980552018121,8.55326622637091,1.8003495056058887,1.618871438207232,2.200729445567778
2024-06-06,1.5549691868719757,2.7037038058067484,2.155674675575154,1.9882944500703317,1.9830564439061027,3.958313437722421,1.7719341588161095,8.452532633283734,1.8667540708437131,1.6460685009538154,2.1892477373583725
2024-06-07,1.5742384254422954,2.7100271749805476,2.147518104254583,1.961538494251757,1.9575852932809537,3.951899951076216,1.7691376695221963,8.444848343128232,1.9270424546319325,1.6418131196368833,2.220586277189316
2024-06-10,1.5440952713553049,2.8328817953819763,2.1796783759470846,1.9691194079385512,1.9637566103368191,4.029180813778855,1.7859169874241416,8.50785920262432,1.9239843639071301,1.60767803644084,2.2715116362954304
2024-06-11,1.6562724426476263,2.8283649800443427,2.1816592448535146,1.9865106856605992,1.9818221462516876,4.068221981011407,1.8059937781488766,8.446385414345354,1.9130625637032797,1.5787234604167457,2.238416985631633
2024-06-12,1.703606043368658,2.8563687182410074,2.1776975070406546,2.0017837644097325,1.9949504915488963,4.079204786371751,1.8409716762153516,8.746070598549736,1.917868182457525,1.6400554652049848,2.3366202698886767
2024-06-13,1.7129607900848982,2.7542909314960298,2.142041511125074,1.9703457247066,1.9654398368925903,4.041205826009802,1.8431420953225297,9.054139323061099,1.888597671251414,1.6879741331762004,2.3356748144438053
2024-06-14,1.698968625662814,2.623306388084636,2.140060642218644,1.9885172930396955,1.9837296660419272,4.041686806927079,1.847274413313959,9.212714547580955,1.9008300341506241,1.646715976128817,2.33027147577206
2024-06-17,1.7323898512643219,2.638663043335927,2.144721489316136,1.9930881255487083,1.988779174493031,4.061488003520017,1.8714833946506346,9.149842791964087,1.9148100917327224,1.7339500933136367,2.394164641574069
2024-06-18,1.71336046860965,2.593495923752918,2.1301561198865744,1.967112630450318,1.9646542969233218,4.004248827868954,1.8630102384448493,9.471184478192235,1.931848073386178,1.7100832860289692,2.4272592922378666
2024-06-20,1.6765011048805372,2.479674934026756,2.168492271793136,1.9811595625405392,1.9782315711218865,4.021965855370188,1.8603389631882832,9.13587164602593,1.922673634558325,1.6796485650986037,2.369039683570264
2024-06-21,1.6589910130282877,2.4579945650038906,2.203216062729234,2.0095875210658902,2.015596940606039,3.966490357965644,1.8773687091649223,8.841774600417779,1.9056356529048695,1.6929694457918807,2.3498582950472318
2024-06-24,1.6641880538699794,2.5094852260595863,2.1623165693789956,2.0154960918276337,2.010996361056291,3.9995992641187685,1.8685616913193746,8.250786173420833,1.8837920524971685,1.6889917151549632,2.2667837407221905
2024-06-25,1.671623953261037,2.4814814878629217,2.1712887089316633,2.068896411870964,2.064968504350219,4.093314212343901,1.882252311380434,8.808243104015126,1.9650502726783676,1.7331175647367545,2.331487355795887
2024-06-26,1.705045178862545,2.4968383154131004,2.2560009473179727,2.066555199819548,2.063285449010657,4.11351614481807,1.8873027807260823,8.82989907307384,1.939711782865226,1.8165587223777626,2.3243281124075827
2024-06-27,1.711841421811211,2.579042459270266,2.305406744431018,2.083166186930549,2.080453298339023,4.165143550234891,1.8901828309645525,8.661543939804261,1.9274792533125706,1.8262719792378834,2.31838454292681
2024-06-28,1.6840169155761469,2.6160794835444223,2.251806113810262,2.044816102666988,2.04387329760793,4.042167787844357,1.8655564270435572,8.630108594960882,1.9252949266024895,1.8305273605548158,2.3478319657517166
2024-07-01,1.7330295077067133,2.584462637675426,2.2978326456476936,2.0567448357842943,2.053298921158103,4.045855389759987,1.906377859152041,8.683199908862976,1.882044691121171,1.9413506343442881,2.327840127956996
2024-07-02,1.7611737811619774,2.5374887919573634,2.330459108729896,2.0803791188312686,2.0785457785487833,4.0844958211113065,1.9170214344650045,8.569332990903286,1.8899082339467737,2.139315428040446,2.373362148391365
2024-07-03,1.7714080402362569,2.5799458223377925,2.30237703379772,2.0890747576922926,2.0850538778887704,4.088183423026937,1.9232406106190547,8.961229656973698,1.8837920524971685,2.2792784724102813,2.4650818384749043
2024-07-05,1.8097065394592566,2.7046071688742748,2.330459108729896,2.1400224441995253,2.138689410114786,4.3282826871151245,1.9515819099471599,8.790080720888533,1.9008300341506241,2.3267345774539883,2.485343894732286
2024-07-08,1.8215400006405105,2.700993716604168,2.3221859006619403,2.123522878573206,2.121072631885064,4.243386374772086,1.9460722375449133,8.955640985412414,1.8977719434258216,2.339870545899772,2.5210051055006257
2024-07-09,1.828416032891737,2.6594400492912658,2.3227685509991067,2.1230770225253415,2.1205115563664734,4.248837654934235,1.918106707708338,9.177786149770508,1.8934032900056597,2.4267344151264427,2.49250313812059
2024-07-10,1.8627968041578278,2.706413722710441,2.3280120484337647,2.147826200855683,2.1451973382385634,4.286435879414952,1.9461140180171919,9.424380553037851,1.8671910361777966,2.4353377750384415,2.580710606538421
2024-07-11,1.819541120008784,2.691960258227789,2.272780281348815,2.0880714540027445,2.0822486715120285,4.110149278397125,1.8979047029462557,8.899755868694731,1.8401048516817666,2.229694747285301,2.4922329196579294
2024-07-12,1.8432877096718603,2.6811202460152437,2.2662550242923585,2.082274304725683,2.076638258758544,3.999278528624083,1.8931045342958128,9.028292649779003,1.8038445616647747,2.2962997153692357,2.530730908993472
2024-07-15,1.8741504315057944,2.7624210268048826,2.2456304113961214,2.0979934096318176,2.0930205681176415,3.9775534083620343,1.8948158777258812,8.972407000096267,1.806902652389577,2.337095309489111,2.5019587231507763
2024-07-16,1.8775086583288472,2.749774288457284,2.2491261356192003,2.068004529666098,2.0637342066958038,3.9264872288985373,1.876283435921589,8.827104737293197,1.7806902319082687,2.373358012766426,2.513035206724338
2024-07-17,1.8300152349987113,2.6964770735654224,2.1898158161740855,2.035897450727463,2.031193881212077,3.7036235220953055,1.851239609416274,8.242403166078907,1.7780691065175496,2.2987974422542696,2.3125759796192207
2024-07-18,1.7924361815206633,2.551038893372489,2.141109306145592,1.9979933926209037,1.993828511727925,3.814734762326986,1.8380916259768814,8.458959125910662,1.7894277054020382,2.305550409301848,2.3216263400135624
2024-07-19,1.7934756384897983,2.5140018690983323,2.1338849398045037,1.999888578515318,1.9934919006600127,3.822270456230339,1.8244844394808903,8.23821192889047,1.78156399592299,2.2127659604500933,2.239227434903321
2024-07-22,1.7906772788065766,2.5338753396872566,2.127126587053197,2.0440358120559408,2.0384873493051234,3.90732725864547,1.848818762234402,8.630108594960882,1.7955438868516431,2.326641980175854,2.287586233904894
2024-07-23,1.7990724798582336,2.5636856317200873,2.1721044549636805,2.0468228801552213,2.0398337935767725,3.9176688376659436,1.856791062290799,8.563744319342002,1.783311523952433,2.2791860162865345,2.2939350280215103
2024-07-24,1.7473414393489974,2.390243885629377,2.1070846244941257,1.943924203451208,1.9370511620572552,3.6978515064384716,1.7902161725457078,7.981138899686983,1.6955003236409911,1.9980574333206083,2.158584434509639
2024-07-25,1.7389462382973402,2.4245709929998407,2.095665424645327,1.88584179952332,1.877019677108487,3.634840559780075,1.7463894761614063,7.843520927039416,1.6548712135503916,2.037465338657959,2.1650682347994383
2024-07-26,1.742704143645145,2.504968410721953,2.12654393671603,1.880490506294123,1.8738778596638324,3.7333655618274855,1.775064637129274,7.898009142349303,1.640454357287655,2.0333025546191608,2.187491626525518
